username,lastname,firstname,date_of_birth,password
cniesel0,Niesel,Clare,2003-07-17,ab43c8f7837b6a6b36a5865ca1ce90b115440cb9e6d0392b3cd92f29a67ce686
tdundon1,Dundon,Tove,2017-02-27,8956c78a236814270da5b12953d3f447bcfd2be33ce661220e4753fca74e9898
tpaulino2,Paulino,Theresina,2019-03-15,8b2770247e0b094e0bf406916ea1f25c7c130cc75b7e46a581acc005b9fe6ee2
lbudibent3,Budibent,Liuka,1978-04-01,2bde63064bad7a41f33385b1bb0c7ef2f4d79593e8e6bf5a8f2f8ccc4ba28938
dpiatto4,Piatto,Devondra,2004-12-07,7fc6e3ae97a13db36357507c08d9efcc77cf3d0df4011b88dd73021b5ae454d3
jcolyer5,Colyer,Jennee,1979-09-14,143326d303fdaa411578cc05c41b007fda58a26d45d3d1a1af5de984e6fa4a91
fscreech6,Screech,Frazer,2019-05-28,c715fb5ad5afec9715346dea5ddaa30c26d79103a6f68af19899a70ea2f94d1f
mwhitnell7,Whitnell,Madelin,1988-09-19,709292868cd526173a250e911c19e898d182d2bdd72043b05beb3348363de007
ccockerham8,Cockerham,Carroll,2019-04-23,ba44c9918bb53669c6c90e86c764faade0da289a059243140458ac729bf6bd58
rtwitchings9,Twitchings,Roxanne,2018-07-25,d97021aac9b5a1188614b6ebaf28cbdf2117b55d60453d6b78962d574d10def6
alloydwilliamsa,Lloyd-Williams,Avie,1998-08-20,5813dc964ae2a2efdae1cb653922d5456d1aa5a3cc397f015ac0f86bd33ccdba
ssparshettb,Sparshett,Stephan,1985-07-19,cb3c214212299853a2ba502179c0a2a4c73a2b3bb1c90cfacd5704782857cb8c
cdevaneyc,Devaney,Cullen,2012-12-14,de9ef2488c737b2cb2bcabfe91d8056bd6413ee773f95a882229e9801c0d85a6
onewberryd,Newberry,Olive,1977-03-27,af67b393aab32af0cd654bb95b5f8743e78228038823480c113ec51626dc9ce4
gtapine,Tapin,Garrick,1976-12-26,93202d40acdace78c358563db4ff2e5d96d6eacf05561d460e726897d2bce213
vmuslimf,Muslim,Viole,1998-10-15,916251bc285a9bc294847a72fb64b238af38f81e8eec03c6225d2bef82752783
lmaxtedg,Maxted,Lula,1984-02-01,3d05a8aedfb26fef212b79d2f043fcfa7d10a6e8113c319542c2da67427b79a2
mvasseh,Vasse,Marybelle,1999-11-12,51d234e20a29cf66179119e757dd77a39531bc9edbfbb2210b591de7fe0c22a3
llangloisi,L' Anglois,Lance,2014-03-15,e38f714a020d321ddfb4cce19e8636594536726e7ed54976f7ed8de9755ae81b
oaloshkinj,Aloshkin,Olva,1999-10-30,cac107f69a9fac633b72ff3784b78b9e3c79b3d91d7c3c41d0cf19d303ccf950
csedgeworthk,Sedgeworth,Clarette,1990-04-11,3fd9d48996e0e60c954c60decc1ed1c2a2c9cb22fecfbe9814b44a095a47d0a5
mromandl,Romand,Mela,1972-12-14,7eae86153c22dbbbc1f72fe76dc78da7dcd5591226ecbd59d24a8f42af68f051
afradsonm,Fradson,Aguste,2003-08-28,fb61a4c890a8bd02eb3f0a70670b3deb63ed0c33c4d963487b531d278c3cbc4a
pvicaryn,Vicary,Pegeen,1972-05-26,0d94f6f18bfea938ca27aa14230cd6ce2499aed8a8cd6484d383dfca21244a79
gtoffolonio,Toffoloni,Gaylor,2009-06-27,a58f8b9bc5a29cdd0c7ae08c40aa7a800dfa769a49a2a14cb6096d60be65ffbf
elivingstonep,Livingstone,Erskine,2007-01-18,81ef68cc394431a52325e7214a85a1aa3171b2e53d4d5ebd69223f8f04d92c00
sponteq,Ponte,Sofie,2008-02-27,d5df391528436c93a4d537c681a62e50d84498fc11cf0082e5dd321d5386a334
daleksidzer,Aleksidze,Darwin,1977-07-10,5c1b2b244ef1c6469ce5a23d10ea52231d4cd3528a1e9c65c3b3f16bcaccfcda
swilemans,Wileman,Sawyer,2010-01-12,39d7273582c5a2f491f8bc357491ce04545aab5bf1a07919ff4eb433e5553d46
rbottrellt,Bottrell,Ricky,1981-10-30,7cf2020bf922d370c21ce11d0152497a6de5aac42bc358c65a338a84a6dbe6f0
rgasgarthu,Gasgarth,Robbie,1990-11-01,12e25098952e570fd2f1e6c81fc83aa8bc6dc23d010a610d544cee95edf19742
bboobierv,Boobier,Bertie,1999-04-06,f6aeec75c1b7c7ce8355e85654930b6207d596688a9229a9e477367aaba14774
tmusickaw,Musicka,Torry,1999-07-01,8be7e44cc09638bd12952bab257ed090b2524a750e7e1c29bf36b14003d68344
jmccarterx,McCarter,Joannes,2011-08-31,16b5b8fb9cbcfc43e6bec4847024b1df26ec90c14937fa77bf3658c5e2f7c91c
cosbaldestony,Osbaldeston,Callean,2017-10-15,cf2cf8324c189544addf913e6e16148d734e849fa95b760a85d53315004f5db7
battwellz,Attwell,Berkley,1988-08-03,e2f683c0c88acf2dc398c350d590c03ec18190d5571c556a1137a912b728d6ef
rwilcott10,Wilcott,Raphael,2008-12-19,3a69ef446e55f07dbf1ad7d714e30255ff3fc0a695ef8efd4a98d439fd0f3563
lconaboy11,Conaboy,Ludovico,2002-11-02,a18f4e136871d11df59ee2ca78f74743113972de3e3dde6515bef580044831d4
mcharlot12,Charlot,Margot,1994-04-09,fa0d944d7bb67a5b632bf45fcf1a4f3654e59c075f7cbe5cc9f9ed2e13e8d6d3
rfoulis13,Foulis,Rebeca,2019-09-18,67d3fcb693ccb8dbf39f65ecfb8643d6fda4f10d598bf4478a813e2a85e2cbbb
prosenfelt14,Rosenfelt,Patrice,1971-02-16,e5b445a63b5cc351b4041692c6045266f14a50105b401a8237b51e66dbdc3a1b
apetchell15,Petchell,Aurthur,1977-11-22,2855822b3c72f712b4127bca327b2a435e8b283d4eb51af4db68cae4b314d57b
glongbottom16,Longbottom,Graehme,2004-02-17,fce4d7ce98c48f80398938d3d8e32d3e3e2ef654b736f714f168736e19cc5e7e
tlowden17,Lowden,Trumaine,1975-08-22,67dbf360ad85bf8ad1a0d89e2b2a3a5f07fbcc4736e70324a90d2f3268dd9455
jmonini18,Monini,Joyann,2007-10-05,91c4222611b52ff1b4e55b5941a1b6d8d3f8a43156ac4e5ec8da05a338234e45
sbignell19,Bignell,Shalna,1973-07-28,6a8117d77397b3e801d1fd8b673ce24e443d60715d0ed3e1a37bc57cd0432238
ahorbath1a,Horbath,Adria,1991-07-19,27dcd667b07b92128cf951bb7c3e7c3cc5cd6732b24780f39be072760a4020e0
ksmedley1b,Smedley,Kanya,2010-03-31,867c13b1d944f8b1bb6284ad61d96f404d6255758baebb5296106fc4ca32cb5f
astoate1c,Stoate,Arvin,1999-09-14,e32f2d531bda68f2e98e7918dad7fc01d2aa651886ea10f8839fbf791df34980
aecclestone1d,Ecclestone,Anthony,1973-04-08,328aab7a7137bd97102a4e7c86af91446623b7fcc6f3076c4e1362fce63d9857
lshattock1e,Shattock,Laney,1974-09-16,6c35c884d8998bc30002b48cf34e6f0ab29fbc6de2f97e47cdb264c7421fd398
bdundin1f,Dundin,Birk,1978-04-02,9dfcc1ae75f17accf29874cdb61f974213b859e09ac6c201ffc70af6efa86f0e
aheyward1g,Heyward,Alessandro,1998-12-01,7d6574c5666b2661d9bc8bd8808ee023f1b96f53a66ae2f7073108216720bcbc
gbezemer1h,Bezemer,Guinevere,1973-04-03,8a520dcc151c661686812daeaddcfee7617843aedf4cf2a03c3c40fb984bd4d1
dayllett1i,Ayllett,Dwight,1992-10-21,9145ca6330a4bc15b968a9bc10b4a500420da2fddd497287ee50062d1010e6fe
fbernon1j,Bernon,Farrand,2019-01-27,54743c8586f0558a0dbc00235931119c847ae7a8516002eb89edbeffcb8d4dda
olechmere1k,Lechmere,Opalina,2019-04-27,8c5f9a6dd89ed646e73f36b1da64480ab7f87ae1ce0a4eb5107de619fc32a3b4
dbruckshaw1l,Bruckshaw,Davin,1973-03-04,0d12a7e7e8dcb53a8184010e9689b5149934e3224131c615746bf0c71fb80752
kstammler1m,Stammler,Kesley,2006-02-21,9d2e69de79c5cd07d1cafa128af583562c1a41bec6e7902f9e2839bfd8dc714e
jdellcasa1n,Dell Casa,Janine,2011-07-15,7e3539a86f529fb7eb1bae2406ce92754d1cf265a3c292f135facda9e1fee31f
aeul1o,Eul,Aurea,2018-09-12,4e1dcab461e3bf328c2cbab9a048c3709b9747fe02f1424b282d59a2492598d5
mgarioch1p,Garioch,Melania,1986-08-17,4a3c3dafd0e34edb654ce8db015802911356299b38e85ca942657fc34dcc32d1
tfley1q,Fley,Tiffany,1979-03-22,3cea5884f73ada014a6250a53ed0a3a5171e61074c786018b8c23485d9b3e521
wdjordjevic1r,Djordjevic,Winnifred,1987-05-19,7a6ad9cf83dc28b1e6d0cfa380c7837527c48e7a3c3865878be553d1087acf90
knewling1s,Newling,Kimberly,1992-12-16,3104f61ed9501eb795e4e9c1c2d2e906acd5ae0c395013b7e40c5a423c1d3e0b
tsowrah1t,Sowrah,Tiphani,2014-02-08,5e2bbf8e03edb93931642d45b929edbf9ec3c2b0f88bf204fbe1ebc8e5311195
cwaszkiewicz1u,Waszkiewicz,Creigh,2017-04-17,cf6aabf50478c8e0a113dd05334df85995814cb6d9c33883fdb72d614d065ff8
garonovich1v,Aronovich,Guenna,2001-02-01,c0565f35cba7a4bcbb43c739fcf103c653ba602088037741642cb5b28cb1f356
cyannoni1w,Yannoni,Celie,1995-03-18,287a9234d962d79e55852bc22fb52e1b007db024dafb9503f92790f39c35d8b2
rrosten1x,Rosten,Ric,2002-02-02,a9dac02eeab684ec64982e41364e3d550dba4e534f1854ce7f4e60317ec6d960
cschild1y,Schild,Calley,1975-05-23,b51303fbb4d7b1be0929ed03998697d229d7334c0941786a630c09909915f8cf
vsecretan1z,Secretan,Velvet,1998-10-03,bca99c394919bf9e3c95ed42805a22c1bbf8e25cf76e8e3fd4ffb34604bb2215
kstonestreet20,Stonestreet,Kin,1987-08-19,eaf1d02efe3d4939b3e42e27caad7e87326a4ffcef101623390e2f02b4ecefb1
ccrippin21,Crippin,Creighton,1993-11-27,9e71af60bf6c7ce791e30a9b2fe2421cb2922493134c257761d1c6744197da01
ebatchelor22,Batchelor,Edan,2006-01-24,8a95c1bb72a4f50de4ce8f30ce1624cba2ba2ee9fa965f4bc16b0c37e7add855
bfiggins23,Figgins,Bessy,1994-12-23,2a57dd2edeac7ea977edac672ff28e7661448c0962f6d2e80b2ae4df74e14526
marnaez24,Arnaez,Merilee,1997-06-02,9af7357becbeb42a0e119d6a7b791f8d0ce434641de23da302eafdb754c8027c
jhearsey25,Hearsey,Joela,1986-02-16,083e18191ec34065cb37c6c7c18d58851d965b44de774e7e8790723f88ab6b41
ashenton26,Shenton,Ara,2018-08-19,dc196a5b4ef1764b2d1c67d4661330c8dbfd73daba79bc2a278278a79d0c9b25
thargess27,Hargess,Theresina,1980-08-23,15a271d733b4497d8bbbdfd18da7f79d6f5521b82f78f6aa2bd01ee79484e18a
gseadon28,Seadon,Goober,1987-08-12,e577f99f91858c6a45002351128ff74653faf96ce6b072c15cb33a5b35f19176
jmarkos29,Markos,Jasun,2015-02-28,1dacbc39a4fa05a631e679529c68af88c55104a5403dfdaffec89d38e920620a
ssimoes2a,Simoes,Shaylah,1976-07-23,a09f8a371869017b421e7e28e2bef2335aaec4144a97b18eb2b397388ddcabf6
esouthwell2b,Southwell,Elnar,1981-08-16,14c5d8207803479e089698546403f15085ca3548a7f86fb2663d84b15d62b17d
egrestie2c,Grestie,Evyn,1990-07-01,3637b03bda9bc32806764df2267cd9cce8fd28337af95af68ead24a47c11195e
cfrankcom2d,Frankcom,Corissa,2008-08-08,60da72c2950caed39209f9013ac4ae1ecf6db329dcef78b25d0030bb30a42d88
jhaslen2e,Haslen,Joel,2000-09-21,27859788972ee84a1c94a3c0ecfe453805c0bd7c4798d8c5a318801c0c06845e
xbenion2f,Benion,Xavier,1985-07-26,ab96ae7846affad7638b66a92f8ad6cbe6148a93ff518753aa81c42a87a9dd7f
avasechkin2g,Vasechkin,Anatol,1983-11-11,69adabbf20300e291dc9ac4fa87f12110404a005efbf3ee042b2b4a642fa0544
jvasilenko2h,Vasilenko,Janith,2009-06-03,2aed5769277f528ed64c6caa0df066fba1e301e40568a80171d815a0e81e725a
hpoundford2i,Poundford,Hector,1995-03-25,21fe8aaa66e5b8294d1be6cb3d9165bd343fe107edeb33640f6331e3ac954e0d
pkyteley2j,Kyteley,Paulie,2009-09-26,c3bb421fe59d9bc41217699ee2c816e0172fc75a7a9bc4ddf5a1a3c2efc4be40
dsiene2k,Siene,Dorothee,2005-09-20,31c3f17563f01d70ea39ed76ca8a8996e68a27620e2e465880e76c892179e26b
ppointon2l,Pointon,Patrice,1981-11-04,f67dc699f969aaa15e2cc5fe2ea0bdc9e7af0adbe9609cea529f28df6301711a
hseabrocke2m,Seabrocke,Henrietta,1978-09-17,b21959b4d4efcc26f23bd2456d017700346d093b7a99ad2939fa52d830ccb757
msmedmore2n,Smedmore,Marijn,1975-12-14,6f05379501d0e562f0b4f553fd93383dfd1701d6b9e8f1f9e61eb5acd6c86dc1
wleatt2o,Leatt,Wynny,1982-12-18,59e79c47412d693f0ea1b851604f2e96e4a06644dc3e820e4e9b98c67d97d5ee
egabbatiss2p,Gabbatiss,Evvy,1997-11-15,97076e98b63a9310c42c53d0a343e98f2d582bb96e543219983c6a995f363512
mdampier2q,Dampier,My,1973-04-20,fa3039289c12522e2aa8f1ad421e190522315c39c3372ae6c46ddb86043f0d1e
pcolleford2r,Colleford,Percy,1994-08-04,178547dd3fbcf8662b91caf7f9607b37d72e6f34efb620d8a2a36ee7781c2830
mmeka,Meka,Moise,2025-03-17,4661499d8129f5fb56a295ac0cdf49e9dfe49e8610b09bc253b3b2ad8678d041
